,org_file,model_file,use_cols,index_cols,fmt,sep,head_rows,upper_bound,lower_bound,mlt_file,fac_file,pp_file,zero_based
0,org/freyberg6.npf_k_layer1.txt,freyberg6.npf_k_layer1.txt,,,free,,0,,,mult/npf_k_layer1_gr_inst0_grid.csv,,,False
1,org/freyberg6.npf_k_layer1.txt,freyberg6.npf_k_layer1.txt,,,free,,0,,,mult/npf_k_layer1_pp_inst0_pilotpoints.csv,npf_k_layer1_pp_inst0pp.fac,npf_k_layer1_pp_inst0pp.dat,False
2,org/freyberg6.npf_k_layer3.txt,freyberg6.npf_k_layer3.txt,,,free,,0,,,mult/npf_k_layer3_gr_inst0_grid.csv,,,False
3,org/freyberg6.npf_k_layer3.txt,freyberg6.npf_k_layer3.txt,,,free,,0,,,mult/npf_k_layer3_pp_inst0_pilotpoints.csv,npf_k_layer1_pp_inst0pp.fac,npf_k_layer3_pp_inst0pp.dat,False
4,org/freyberg6.npf_k_layer2.txt,freyberg6.npf_k_layer2.txt,,,free,,0,,,mult/npf_k_layer2_gr_inst0_grid.csv,,,False
5,org/freyberg6.npf_k_layer2.txt,freyberg6.npf_k_layer2.txt,,,free,,0,,,mult/npf_k_layer2_pp_inst0_pilotpoints.csv,npf_k_layer1_pp_inst0pp.fac,npf_k_layer2_pp_inst0pp.dat,False
6,org/freyberg6.npf_k33_layer3.txt,freyberg6.npf_k33_layer3.txt,,,free,,0,,,mult/npf_k33_layer3_gr_inst0_grid.csv,,,False
7,org/freyberg6.npf_k33_layer3.txt,freyberg6.npf_k33_layer3.txt,,,free,,0,,,mult/npf_k33_layer3_pp_inst0_pilotpoints.csv,npf_k_layer1_pp_inst0pp.fac,npf_k33_layer3_pp_inst0pp.dat,False
8,org/freyberg6.npf_k33_layer2.txt,freyberg6.npf_k33_layer2.txt,,,free,,0,,,mult/npf_k33_layer2_gr_inst0_grid.csv,,,False
9,org/freyberg6.npf_k33_layer2.txt,freyberg6.npf_k33_layer2.txt,,,free,,0,,,mult/npf_k33_layer2_pp_inst0_pilotpoints.csv,npf_k_layer1_pp_inst0pp.fac,npf_k33_layer2_pp_inst0pp.dat,False
10,org/freyberg6.npf_k33_layer1.txt,freyberg6.npf_k33_layer1.txt,,,free,,0,,,mult/npf_k33_layer1_gr_inst0_grid.csv,,,False
11,org/freyberg6.npf_k33_layer1.txt,freyberg6.npf_k33_layer1.txt,,,free,,0,,,mult/npf_k33_layer1_pp_inst0_pilotpoints.csv,npf_k_layer1_pp_inst0pp.fac,npf_k33_layer1_pp_inst0pp.dat,False
12,org/freyberg6.sto_ss_layer2.txt,freyberg6.sto_ss_layer2.txt,,,free,,0,,,mult/sto_ss_layer2_gr_inst0_grid.csv,,,False
13,org/freyberg6.sto_ss_layer2.txt,freyberg6.sto_ss_layer2.txt,,,free,,0,,,mult/sto_ss_layer2_pp_inst0_pilotpoints.csv,npf_k_layer1_pp_inst0pp.fac,sto_ss_layer2_pp_inst0pp.dat,False
14,org/freyberg6.sto_ss_layer3.txt,freyberg6.sto_ss_layer3.txt,,,free,,0,,,mult/sto_ss_layer3_gr_inst0_grid.csv,,,False
15,org/freyberg6.sto_ss_layer3.txt,freyberg6.sto_ss_layer3.txt,,,free,,0,,,mult/sto_ss_layer3_pp_inst0_pilotpoints.csv,npf_k_layer1_pp_inst0pp.fac,sto_ss_layer3_pp_inst0pp.dat,False
16,org/freyberg6.sto_ss_layer1.txt,freyberg6.sto_ss_layer1.txt,,,free,,0,,,mult/sto_ss_layer1_gr_inst0_grid.csv,,,False
17,org/freyberg6.sto_ss_layer1.txt,freyberg6.sto_ss_layer1.txt,,,free,,0,,,mult/sto_ss_layer1_pp_inst0_pilotpoints.csv,npf_k_layer1_pp_inst0pp.fac,sto_ss_layer1_pp_inst0pp.dat,False
18,org/freyberg6.sto_sy_layer3.txt,freyberg6.sto_sy_layer3.txt,,,free,,0,,,mult/sto_sy_layer3_gr_inst0_grid.csv,,,False
19,org/freyberg6.sto_sy_layer3.txt,freyberg6.sto_sy_layer3.txt,,,free,,0,,,mult/sto_sy_layer3_pp_inst0_pilotpoints.csv,npf_k_layer1_pp_inst0pp.fac,sto_sy_layer3_pp_inst0pp.dat,False
20,org/freyberg6.sto_sy_layer2.txt,freyberg6.sto_sy_layer2.txt,,,free,,0,,,mult/sto_sy_layer2_gr_inst0_grid.csv,,,False
21,org/freyberg6.sto_sy_layer2.txt,freyberg6.sto_sy_layer2.txt,,,free,,0,,,mult/sto_sy_layer2_pp_inst0_pilotpoints.csv,npf_k_layer1_pp_inst0pp.fac,sto_sy_layer2_pp_inst0pp.dat,False
22,org/freyberg6.sto_sy_layer1.txt,freyberg6.sto_sy_layer1.txt,,,free,,0,,,mult/sto_sy_layer1_gr_inst0_grid.csv,,,False
23,org/freyberg6.sto_sy_layer1.txt,freyberg6.sto_sy_layer1.txt,,,free,,0,,,mult/sto_sy_layer1_pp_inst0_pilotpoints.csv,npf_k_layer1_pp_inst0pp.fac,sto_sy_layer1_pp_inst0pp.dat,False
24,org/freyberg6.rch_recharge_2.txt,freyberg6.rch_recharge_2.txt,,,free,,0,,,mult/rch_gr_inst0_grid.csv,,,False
25,org/freyberg6.rch_recharge_14.txt,freyberg6.rch_recharge_14.txt,,,free,,0,,,mult/rch_gr_inst0_grid.csv,,,False
26,org/freyberg6.rch_recharge_15.txt,freyberg6.rch_recharge_15.txt,,,free,,0,,,mult/rch_gr_inst0_grid.csv,,,False
27,org/freyberg6.rch_recharge_3.txt,freyberg6.rch_recharge_3.txt,,,free,,0,,,mult/rch_gr_inst0_grid.csv,,,False
28,org/freyberg6.rch_recharge_1.txt,freyberg6.rch_recharge_1.txt,,,free,,0,,,mult/rch_gr_inst0_grid.csv,,,False
29,org/freyberg6.rch_recharge_17.txt,freyberg6.rch_recharge_17.txt,,,free,,0,,,mult/rch_gr_inst0_grid.csv,,,False
30,org/freyberg6.rch_recharge_16.txt,freyberg6.rch_recharge_16.txt,,,free,,0,,,mult/rch_gr_inst0_grid.csv,,,False
31,org/freyberg6.rch_recharge_4.txt,freyberg6.rch_recharge_4.txt,,,free,,0,,,mult/rch_gr_inst0_grid.csv,,,False
32,org/freyberg6.rch_recharge_12.txt,freyberg6.rch_recharge_12.txt,,,free,,0,,,mult/rch_gr_inst0_grid.csv,,,False
33,org/freyberg6.rch_recharge_13.txt,freyberg6.rch_recharge_13.txt,,,free,,0,,,mult/rch_gr_inst0_grid.csv,,,False
34,org/freyberg6.rch_recharge_5.txt,freyberg6.rch_recharge_5.txt,,,free,,0,,,mult/rch_gr_inst0_grid.csv,,,False
35,org/freyberg6.rch_recharge_7.txt,freyberg6.rch_recharge_7.txt,,,free,,0,,,mult/rch_gr_inst0_grid.csv,,,False
36,org/freyberg6.rch_recharge_11.txt,freyberg6.rch_recharge_11.txt,,,free,,0,,,mult/rch_gr_inst0_grid.csv,,,False
37,org/freyberg6.rch_recharge_10.txt,freyberg6.rch_recharge_10.txt,,,free,,0,,,mult/rch_gr_inst0_grid.csv,,,False
38,org/freyberg6.rch_recharge_6.txt,freyberg6.rch_recharge_6.txt,,,free,,0,,,mult/rch_gr_inst0_grid.csv,,,False
39,org/freyberg6.rch_recharge_21.txt,freyberg6.rch_recharge_21.txt,,,free,,0,,,mult/rch_gr_inst0_grid.csv,,,False
40,org/freyberg6.rch_recharge_20.txt,freyberg6.rch_recharge_20.txt,,,free,,0,,,mult/rch_gr_inst0_grid.csv,,,False
41,org/freyberg6.rch_recharge_8.txt,freyberg6.rch_recharge_8.txt,,,free,,0,,,mult/rch_gr_inst0_grid.csv,,,False
42,org/freyberg6.rch_recharge_22.txt,freyberg6.rch_recharge_22.txt,,,free,,0,,,mult/rch_gr_inst0_grid.csv,,,False
43,org/freyberg6.rch_recharge_23.txt,freyberg6.rch_recharge_23.txt,,,free,,0,,,mult/rch_gr_inst0_grid.csv,,,False
44,org/freyberg6.rch_recharge_9.txt,freyberg6.rch_recharge_9.txt,,,free,,0,,,mult/rch_gr_inst0_grid.csv,,,False
45,org/freyberg6.rch_recharge_24.txt,freyberg6.rch_recharge_24.txt,,,free,,0,,,mult/rch_gr_inst0_grid.csv,,,False
46,org/freyberg6.rch_recharge_18.txt,freyberg6.rch_recharge_18.txt,,,free,,0,,,mult/rch_gr_inst0_grid.csv,,,False
47,org/freyberg6.rch_recharge_19.txt,freyberg6.rch_recharge_19.txt,,,free,,0,,,mult/rch_gr_inst0_grid.csv,,,False
48,org/freyberg6.rch_recharge_25.txt,freyberg6.rch_recharge_25.txt,,,free,,0,,,mult/rch_gr_inst0_grid.csv,,,False
49,org/freyberg6.rch_recharge_2.txt,freyberg6.rch_recharge_2.txt,,,free,,0,,,mult/rch_recharge_2_cn_inst0_constant.csv,,,False
50,org/freyberg6.rch_recharge_14.txt,freyberg6.rch_recharge_14.txt,,,free,,0,,,mult/rch_recharge_14_cn_inst0_constant.csv,,,False
51,org/freyberg6.rch_recharge_15.txt,freyberg6.rch_recharge_15.txt,,,free,,0,,,mult/rch_recharge_15_cn_inst0_constant.csv,,,False
52,org/freyberg6.rch_recharge_3.txt,freyberg6.rch_recharge_3.txt,,,free,,0,,,mult/rch_recharge_3_cn_inst0_constant.csv,,,False
53,org/freyberg6.rch_recharge_1.txt,freyberg6.rch_recharge_1.txt,,,free,,0,,,mult/rch_recharge_1_cn_inst0_constant.csv,,,False
54,org/freyberg6.rch_recharge_17.txt,freyberg6.rch_recharge_17.txt,,,free,,0,,,mult/rch_recharge_17_cn_inst0_constant.csv,,,False
55,org/freyberg6.rch_recharge_16.txt,freyberg6.rch_recharge_16.txt,,,free,,0,,,mult/rch_recharge_16_cn_inst0_constant.csv,,,False
56,org/freyberg6.rch_recharge_4.txt,freyberg6.rch_recharge_4.txt,,,free,,0,,,mult/rch_recharge_4_cn_inst0_constant.csv,,,False
57,org/freyberg6.rch_recharge_12.txt,freyberg6.rch_recharge_12.txt,,,free,,0,,,mult/rch_recharge_12_cn_inst0_constant.csv,,,False
58,org/freyberg6.rch_recharge_13.txt,freyberg6.rch_recharge_13.txt,,,free,,0,,,mult/rch_recharge_13_cn_inst0_constant.csv,,,False
59,org/freyberg6.rch_recharge_5.txt,freyberg6.rch_recharge_5.txt,,,free,,0,,,mult/rch_recharge_5_cn_inst0_constant.csv,,,False
60,org/freyberg6.rch_recharge_7.txt,freyberg6.rch_recharge_7.txt,,,free,,0,,,mult/rch_recharge_7_cn_inst0_constant.csv,,,False
61,org/freyberg6.rch_recharge_11.txt,freyberg6.rch_recharge_11.txt,,,free,,0,,,mult/rch_recharge_11_cn_inst0_constant.csv,,,False
62,org/freyberg6.rch_recharge_10.txt,freyberg6.rch_recharge_10.txt,,,free,,0,,,mult/rch_recharge_10_cn_inst0_constant.csv,,,False
63,org/freyberg6.rch_recharge_6.txt,freyberg6.rch_recharge_6.txt,,,free,,0,,,mult/rch_recharge_6_cn_inst0_constant.csv,,,False
64,org/freyberg6.rch_recharge_21.txt,freyberg6.rch_recharge_21.txt,,,free,,0,,,mult/rch_recharge_21_cn_inst0_constant.csv,,,False
65,org/freyberg6.rch_recharge_20.txt,freyberg6.rch_recharge_20.txt,,,free,,0,,,mult/rch_recharge_20_cn_inst0_constant.csv,,,False
66,org/freyberg6.rch_recharge_8.txt,freyberg6.rch_recharge_8.txt,,,free,,0,,,mult/rch_recharge_8_cn_inst0_constant.csv,,,False
67,org/freyberg6.rch_recharge_22.txt,freyberg6.rch_recharge_22.txt,,,free,,0,,,mult/rch_recharge_22_cn_inst0_constant.csv,,,False
68,org/freyberg6.rch_recharge_23.txt,freyberg6.rch_recharge_23.txt,,,free,,0,,,mult/rch_recharge_23_cn_inst0_constant.csv,,,False
69,org/freyberg6.rch_recharge_9.txt,freyberg6.rch_recharge_9.txt,,,free,,0,,,mult/rch_recharge_9_cn_inst0_constant.csv,,,False
70,org/freyberg6.rch_recharge_24.txt,freyberg6.rch_recharge_24.txt,,,free,,0,,,mult/rch_recharge_24_cn_inst0_constant.csv,,,False
71,org/freyberg6.rch_recharge_18.txt,freyberg6.rch_recharge_18.txt,,,free,,0,,,mult/rch_recharge_18_cn_inst0_constant.csv,,,False
72,org/freyberg6.rch_recharge_19.txt,freyberg6.rch_recharge_19.txt,,,free,,0,,,mult/rch_recharge_19_cn_inst0_constant.csv,,,False
73,org/freyberg6.rch_recharge_25.txt,freyberg6.rch_recharge_25.txt,,,free,,0,,,mult/rch_recharge_25_cn_inst0_constant.csv,,,False
74,org/freyberg6.wel_stress_period_data_20.txt,freyberg6.wel_stress_period_data_20.txt,[3],"[0, 1, 2]",free, ,0,[None],[None],mult/twel_mlt_19_inst0_constant.csv,,,False
75,org/freyberg6.wel_stress_period_data_20.txt,freyberg6.wel_stress_period_data_20.txt,[3],"[0, 1, 2]",free, ,0,[None],[None],mult/wel_grid_19_inst0_grid.csv,,,False
76,org/freyberg6.wel_stress_period_data_21.txt,freyberg6.wel_stress_period_data_21.txt,[3],"[0, 1, 2]",free, ,0,[None],[None],mult/twel_mlt_20_inst0_constant.csv,,,False
77,org/freyberg6.wel_stress_period_data_21.txt,freyberg6.wel_stress_period_data_21.txt,[3],"[0, 1, 2]",free, ,0,[None],[None],mult/wel_grid_20_inst0_grid.csv,,,False
78,org/freyberg6.wel_stress_period_data_23.txt,freyberg6.wel_stress_period_data_23.txt,[3],"[0, 1, 2]",free, ,0,[None],[None],mult/twel_mlt_22_inst0_constant.csv,,,False
79,org/freyberg6.wel_stress_period_data_23.txt,freyberg6.wel_stress_period_data_23.txt,[3],"[0, 1, 2]",free, ,0,[None],[None],mult/wel_grid_22_inst0_grid.csv,,,False
80,org/freyberg6.wel_stress_period_data_22.txt,freyberg6.wel_stress_period_data_22.txt,[3],"[0, 1, 2]",free, ,0,[None],[None],mult/twel_mlt_21_inst0_constant.csv,,,False
81,org/freyberg6.wel_stress_period_data_22.txt,freyberg6.wel_stress_period_data_22.txt,[3],"[0, 1, 2]",free, ,0,[None],[None],mult/wel_grid_21_inst0_grid.csv,,,False
82,org/freyberg6.wel_stress_period_data_19.txt,freyberg6.wel_stress_period_data_19.txt,[3],"[0, 1, 2]",free, ,0,[None],[None],mult/twel_mlt_18_inst0_constant.csv,,,False
83,org/freyberg6.wel_stress_period_data_19.txt,freyberg6.wel_stress_period_data_19.txt,[3],"[0, 1, 2]",free, ,0,[None],[None],mult/wel_grid_18_inst0_grid.csv,,,False
84,org/freyberg6.wel_stress_period_data_25.txt,freyberg6.wel_stress_period_data_25.txt,[3],"[0, 1, 2]",free, ,0,[None],[None],mult/twel_mlt_24_inst0_constant.csv,,,False
85,org/freyberg6.wel_stress_period_data_25.txt,freyberg6.wel_stress_period_data_25.txt,[3],"[0, 1, 2]",free, ,0,[None],[None],mult/wel_grid_24_inst0_grid.csv,,,False
86,org/freyberg6.wel_stress_period_data_24.txt,freyberg6.wel_stress_period_data_24.txt,[3],"[0, 1, 2]",free, ,0,[None],[None],mult/twel_mlt_23_inst0_constant.csv,,,False
87,org/freyberg6.wel_stress_period_data_24.txt,freyberg6.wel_stress_period_data_24.txt,[3],"[0, 1, 2]",free, ,0,[None],[None],mult/wel_grid_23_inst0_grid.csv,,,False
88,org/freyberg6.wel_stress_period_data_18.txt,freyberg6.wel_stress_period_data_18.txt,[3],"[0, 1, 2]",free, ,0,[None],[None],mult/twel_mlt_17_inst0_constant.csv,,,False
89,org/freyberg6.wel_stress_period_data_18.txt,freyberg6.wel_stress_period_data_18.txt,[3],"[0, 1, 2]",free, ,0,[None],[None],mult/wel_grid_17_inst0_grid.csv,,,False
90,org/freyberg6.wel_stress_period_data_8.txt,freyberg6.wel_stress_period_data_8.txt,[3],"[0, 1, 2]",free, ,0,[None],[None],mult/twel_mlt_7_inst0_constant.csv,,,False
91,org/freyberg6.wel_stress_period_data_8.txt,freyberg6.wel_stress_period_data_8.txt,[3],"[0, 1, 2]",free, ,0,[None],[None],mult/wel_grid_7_inst0_grid.csv,,,False
92,org/freyberg6.wel_stress_period_data_9.txt,freyberg6.wel_stress_period_data_9.txt,[3],"[0, 1, 2]",free, ,0,[None],[None],mult/twel_mlt_8_inst0_constant.csv,,,False
93,org/freyberg6.wel_stress_period_data_9.txt,freyberg6.wel_stress_period_data_9.txt,[3],"[0, 1, 2]",free, ,0,[None],[None],mult/wel_grid_8_inst0_grid.csv,,,False
94,org/freyberg6.wel_stress_period_data_1.txt,freyberg6.wel_stress_period_data_1.txt,[3],"[0, 1, 2]",free, ,0,[None],[None],mult/twel_mlt_0_inst0_constant.csv,,,False
95,org/freyberg6.wel_stress_period_data_1.txt,freyberg6.wel_stress_period_data_1.txt,[3],"[0, 1, 2]",free, ,0,[None],[None],mult/wel_grid_0_inst0_grid.csv,,,False
96,org/freyberg6.wel_stress_period_data_2.txt,freyberg6.wel_stress_period_data_2.txt,[3],"[0, 1, 2]",free, ,0,[None],[None],mult/twel_mlt_1_inst0_constant.csv,,,False
97,org/freyberg6.wel_stress_period_data_2.txt,freyberg6.wel_stress_period_data_2.txt,[3],"[0, 1, 2]",free, ,0,[None],[None],mult/wel_grid_1_inst0_grid.csv,,,False
98,org/freyberg6.wel_stress_period_data_3.txt,freyberg6.wel_stress_period_data_3.txt,[3],"[0, 1, 2]",free, ,0,[None],[None],mult/twel_mlt_2_inst0_constant.csv,,,False
99,org/freyberg6.wel_stress_period_data_3.txt,freyberg6.wel_stress_period_data_3.txt,[3],"[0, 1, 2]",free, ,0,[None],[None],mult/wel_grid_2_inst0_grid.csv,,,False
100,org/freyberg6.wel_stress_period_data_7.txt,freyberg6.wel_stress_period_data_7.txt,[3],"[0, 1, 2]",free, ,0,[None],[None],mult/twel_mlt_6_inst0_constant.csv,,,False
101,org/freyberg6.wel_stress_period_data_7.txt,freyberg6.wel_stress_period_data_7.txt,[3],"[0, 1, 2]",free, ,0,[None],[None],mult/wel_grid_6_inst0_grid.csv,,,False
102,org/freyberg6.wel_stress_period_data_6.txt,freyberg6.wel_stress_period_data_6.txt,[3],"[0, 1, 2]",free, ,0,[None],[None],mult/twel_mlt_5_inst0_constant.csv,,,False
103,org/freyberg6.wel_stress_period_data_6.txt,freyberg6.wel_stress_period_data_6.txt,[3],"[0, 1, 2]",free, ,0,[None],[None],mult/wel_grid_5_inst0_grid.csv,,,False
104,org/freyberg6.wel_stress_period_data_4.txt,freyberg6.wel_stress_period_data_4.txt,[3],"[0, 1, 2]",free, ,0,[None],[None],mult/twel_mlt_3_inst0_constant.csv,,,False
105,org/freyberg6.wel_stress_period_data_4.txt,freyberg6.wel_stress_period_data_4.txt,[3],"[0, 1, 2]",free, ,0,[None],[None],mult/wel_grid_3_inst0_grid.csv,,,False
106,org/freyberg6.wel_stress_period_data_5.txt,freyberg6.wel_stress_period_data_5.txt,[3],"[0, 1, 2]",free, ,0,[None],[None],mult/twel_mlt_4_inst0_constant.csv,,,False
107,org/freyberg6.wel_stress_period_data_5.txt,freyberg6.wel_stress_period_data_5.txt,[3],"[0, 1, 2]",free, ,0,[None],[None],mult/wel_grid_4_inst0_grid.csv,,,False
108,org/freyberg6.wel_stress_period_data_15.txt,freyberg6.wel_stress_period_data_15.txt,[3],"[0, 1, 2]",free, ,0,[None],[None],mult/twel_mlt_14_inst0_constant.csv,,,False
109,org/freyberg6.wel_stress_period_data_15.txt,freyberg6.wel_stress_period_data_15.txt,[3],"[0, 1, 2]",free, ,0,[None],[None],mult/wel_grid_14_inst0_grid.csv,,,False
110,org/freyberg6.wel_stress_period_data_14.txt,freyberg6.wel_stress_period_data_14.txt,[3],"[0, 1, 2]",free, ,0,[None],[None],mult/twel_mlt_13_inst0_constant.csv,,,False
111,org/freyberg6.wel_stress_period_data_14.txt,freyberg6.wel_stress_period_data_14.txt,[3],"[0, 1, 2]",free, ,0,[None],[None],mult/wel_grid_13_inst0_grid.csv,,,False
112,org/freyberg6.wel_stress_period_data_16.txt,freyberg6.wel_stress_period_data_16.txt,[3],"[0, 1, 2]",free, ,0,[None],[None],mult/twel_mlt_15_inst0_constant.csv,,,False
113,org/freyberg6.wel_stress_period_data_16.txt,freyberg6.wel_stress_period_data_16.txt,[3],"[0, 1, 2]",free, ,0,[None],[None],mult/wel_grid_15_inst0_grid.csv,,,False
114,org/freyberg6.wel_stress_period_data_17.txt,freyberg6.wel_stress_period_data_17.txt,[3],"[0, 1, 2]",free, ,0,[None],[None],mult/twel_mlt_16_inst0_constant.csv,,,False
115,org/freyberg6.wel_stress_period_data_17.txt,freyberg6.wel_stress_period_data_17.txt,[3],"[0, 1, 2]",free, ,0,[None],[None],mult/wel_grid_16_inst0_grid.csv,,,False
116,org/freyberg6.wel_stress_period_data_13.txt,freyberg6.wel_stress_period_data_13.txt,[3],"[0, 1, 2]",free, ,0,[None],[None],mult/twel_mlt_12_inst0_constant.csv,,,False
117,org/freyberg6.wel_stress_period_data_13.txt,freyberg6.wel_stress_period_data_13.txt,[3],"[0, 1, 2]",free, ,0,[None],[None],mult/wel_grid_12_inst0_grid.csv,,,False
118,org/freyberg6.wel_stress_period_data_12.txt,freyberg6.wel_stress_period_data_12.txt,[3],"[0, 1, 2]",free, ,0,[None],[None],mult/twel_mlt_11_inst0_constant.csv,,,False
119,org/freyberg6.wel_stress_period_data_12.txt,freyberg6.wel_stress_period_data_12.txt,[3],"[0, 1, 2]",free, ,0,[None],[None],mult/wel_grid_11_inst0_grid.csv,,,False
120,org/freyberg6.wel_stress_period_data_10.txt,freyberg6.wel_stress_period_data_10.txt,[3],"[0, 1, 2]",free, ,0,[None],[None],mult/twel_mlt_9_inst0_constant.csv,,,False
121,org/freyberg6.wel_stress_period_data_10.txt,freyberg6.wel_stress_period_data_10.txt,[3],"[0, 1, 2]",free, ,0,[None],[None],mult/wel_grid_9_inst0_grid.csv,,,False
122,org/freyberg6.wel_stress_period_data_11.txt,freyberg6.wel_stress_period_data_11.txt,[3],"[0, 1, 2]",free, ,0,[None],[None],mult/twel_mlt_10_inst0_constant.csv,,,False
123,org/freyberg6.wel_stress_period_data_11.txt,freyberg6.wel_stress_period_data_11.txt,[3],"[0, 1, 2]",free, ,0,[None],[None],mult/wel_grid_10_inst0_grid.csv,,,False
124,org/freyberg6.sfr_packagedata.txt,freyberg6.sfr_packagedata.txt,[9],"[0, 1, 2, 3]",free, ,0,[None],[None],mult/sfr_rhk_inst0_grid.csv,,,False
